{"train/completion_length":8.875,"train/grad_norm":12.088017977573706,"train/loss":0,"train/reward_std":0.14478103816509247,"train/rewards/accuracy_reward":0.046875,"train/rewards/<lambda>":0.96875,"train/global_step":3,"_runtime":65,"train/reward":1.015625,"_step":2,"train/epoch":0.0048,"_timestamp":1.7585748772980537e+09,"_wandb":{"runtime":65},"train/learning_rate":9.976e-07,"train/kl":0.0006306469440460205}